{
  "accuracy": 0.8934817170111288,
  "precision": 0.7391304347826086,
  "recall": 0.4146341463414634,
  "f1_score": 0.53125,
  "classification_report": {
    "LOC": {
      "precision": 0.7391304347826086,
      "recall": 0.7083333333333334,
      "f1-score": 0.723404255319149,
      "support": 24
    },
    "ORG": {
      "precision": 0.0,
      "recall": 0.0,
      "f1-score": 0.0,
      "support": 14
    },
    "PER": {
      "precision": 0.7391304347826086,
      "recall": 0.38636363636363635,
      "f1-score": 0.5074626865671641,
      "support": 44
    },
    "micro avg": {
      "precision": 0.7391304347826086,
      "recall": 0.4146341463414634,
      "f1-score": 0.53125,
      "support": 82
    },
    "macro avg": {
      "precision": 0.49275362318840576,
      "recall": 0.3648989898989899,
      "f1-score": 0.41028898062877106,
      "support": 82
    },
    "weighted avg": {
      "precision": 0.6129374337221632,
      "recall": 0.4146341463414634,
      "f1-score": 0.48402512605627795,
      "support": 82
    }
  }
}